,mi_3,mi_7,mi_11,mi_21,mi_31,eqw_2,eqf_2,kmeans_2,distortion_aligned_2,eqw_5,eqf_5,kmeans_5,distortion_aligned_5,eqw_square-root,eqf_square-root,kmeans_square-root,distortion_aligned_square-root,eqw_sturges-formula,eqf_sturges-formula,kmeans_sturges-formula,distortion_aligned_sturges-formula,eqw_rice-rule,eqf_rice-rule,kmeans_rice-rule,distortion_aligned_rice-rule
0,0.11458551681041718,0.11445905327796936,0.12450569677352906,0.14907718229293823,0.17312882435321808,0.0022514640092849733,0.0024838165044784545,0.0030730706453323364,0.43971958541870115,0.006727929592132568,0.005726187109947205,0.00835694706439972,0.4709382574558258,0.011387186169624329,0.009571399092674255,0.02393721127510071,0.5833419194221496,0.0065617082118988035,0.006692501425743103,0.011422248482704163,0.511005977153778,0.009273884177207948,0.00799165952205658,0.016651877880096436,0.5652772903442382
